listing_id,host_id,title,city,state,category,mode,price,photos,score,human_view_sessions_30d,top_fixes,seller_has_photo,seller_has_bio,seller_id_verified
cc3c8214-e327-4670-99ed-e1425494cc8c,f1258300-750f-4bac-8924-2a0194f88e75,Food Trailer,Colleyville,TX,food_trailer,sale,5000.00,3,25,15,turn on offers; add photos (3->8+); add condition; add title status; add walkaround video; expand description; list what's included,no,no,no
e746bd18-cad4-4cbf-9972-176bb8affc56,11be069d-0bc5-4685-aec1-4bb6ce722856,Brand New Permit-Ready Food Trailer – Houston  TX,Houston,TX,food_trailer,sale,25000.00,4,25,4,turn on offers; add photos (4->8+); add condition; add title status; add walkaround video; expand description; list what's included,no,no,no
154df4be-3102-44c9-b014-b36bafce8391,609b6034-da38-445b-b0bb-9fc2b1ef74f5,My Food Trailer,Norcross,GA,food_trailer,sale,10000.00,3,25,3,turn on offers; add photos (3->8+); add condition; add title status; add walkaround video; expand description; list what's included,no,no,no
f4fbb682-17db-4a3d-b081-e2631ae063ff,77f157af-d5d8-4be4-95d8-a1b755c6c6a1,2020 The Food Trailer,Houston,TX,food_trailer,sale,25000.00,4,30,10,turn on offers; add photos (4->8+); add condition; add title status; add walkaround video; list what's included,yes,no,no
9d335dc0-71f2-4e1c-ada1-93a4ee2f9d77,f559486d-0ccb-4caf-b28d-421b960e0a4b,FOOD TRAILER - EXP 16X 8 FT,La Feria,TX,food_trailer,sale,35090.00,4,30,3,turn on offers; add photos (4->8+); add condition; add title status; add walkaround video; list what's included,yes,no,no
e51c5a39-b100-475f-bd18-00070354218f,418aa111-b784-42c9-90cb-e566182bd6b1,Food Truck - clean  organized  money maker ,Bend,OR,food_truck,sale,32500.00,6,35,9,turn on offers; add photos (6->8+); add condition; add title status; add walkaround video; expand description; list what's included,no,no,no
a02adafe-ad00-40cb-90c7-2a8ccc55f469,0b669ac2-7bf0-4013-b671-0576eea77e00,Coffee Tailer,San Francisco,CA,food_truck,sale,43000.00,7,40,15,turn on offers; add photos (7->8+); add condition; add title status; add walkaround video; list what's included,no,no,no
779d5773-de60-4075-b92d-32387da86dd3,3b59adbf-20d5-4154-a54e-bf20a1bddbed,Pre-Owned Concession Trailer with Deep Freezer – Priced to S,Baton Rouge,LA,food_trailer,sale,19500.00,6,40,9,turn on offers; add photos (6->8+); add condition; add title status; add walkaround video; list what's included,no,no,no
e0ad7bc7-5a18-4534-a849-94501f5bc008,bc349661-164b-47f4-9f25-808fddad9e16,Turn Key - Ready to go 16ft Food Trailer!,Carefree,AZ,food_trailer,sale,49000.00,5,40,6,turn on offers; add photos (5->8+); add condition; add title status; add walkaround video; back up price vs comps; list what's included,no,no,no
99d179ad-16ad-4bb3-9ccb-cd1a8e157284,47f2051d-318e-4f40-b9ae-b6984e7fc5d2,Food Trailer (Best financing option in the market $680-$980),Scottsdale,AZ,food_trailer,sale,24900.00,7,40,5,turn on offers; add photos (7->8+); add condition; add title status; add walkaround video; list what's included,no,no,no
349ca02e-d0c1-4298-94f0-c7109c1cc691,77f157af-d5d8-4be4-95d8-a1b755c6c6a1,Food Vending Trailer / Mobile Concession Booth – Dual Window,Houston,TX,food_trailer,sale,25000.00,7,40,2,turn on offers; add photos (7->8+); add condition; add title status; add walkaround video; list what's included,yes,no,no
b8e79191-e69d-483c-bad1-8ebcfc6fb4b6,14242a2e-3e7f-4794-9aed-fa72a5bbf105,Fully equipped food truck  full kitchen  newly built kitchen,Wesley Chapel,FL,food_truck,sale,85000.00,3,40,2,turn on offers; add photos (3->8+); add condition; add title status; back up price vs comps; list what's included,no,no,no
0ff66f5f-fae3-4d43-b630-080e56f4baf7,5f6667d2-0924-4e7d-9f35-be1ee3dcd5fa,18ft food Trailer ,Richmond,TX,food_trailer,sale,25000.00,6,40,1,turn on offers; add photos (6->8+); add condition; add title status; add walkaround video; list what's included,no,no,no
26bd6a6a-f814-4f31-923d-68e7e326ff06,04eccfc2-efde-4d72-a0e9-dbcfea829376,Fully equipped food trailer ,Saginaw,MI,food_trailer,sale,30000.00,4,40,1,turn on offers; add photos (4->8+); add condition; add title status; list what's included,no,no,no
9c92006e-fe3c-4e52-9474-51d4a950eb26,8d9b76c5-c6bd-44cd-bbe6-c5e2a6b3c575,Turnkey 24 ft Fully Loaded Kitchen Food Trailer – Ready for ,Mountain Home,AR,food_trailer,sale,51500.00,3,40,0,turn on offers; add photos (3->8+); add condition; add title status; back up price vs comps; list what's included,no,no,no
d4e891ae-bbf4-4580-9998-28681e04d2d4,a428d36b-4816-4cc3-9c9f-125c57d54e7f,INVESTMENT OPPORTUNITY IN HOUSTON,Cypress,TX,food_trailer,sale,139900.00,3,40,0,turn on offers; add photos (3->8+); add condition; add title status; back up price vs comps; list what's included,no,no,no
8dd4955f-d5fe-47ac-b260-ce86d15fd1f4,48a5611b-549e-4159-92bc-7c5c0e3ba909,Empty Concession Trailer,Magnolia,TX,food_trailer,sale,6000.00,8,45,7,turn on offers; add condition; add title status; add walkaround video; expand description; list what's included,no,no,no
24594068-25df-4bbe-b142-7bad96aacf39,bf4754c8-46ce-472e-8a71-2b8a7769a833,Commissary Kitchen For Rent,Charlotte,NC,ghost_kitchen,rent,150.00,6,45,7,add photos (6->8+); add condition; turn on instant book; add walkaround video; expand description; list what's included,no,no,no
045054bb-2356-42ee-bc5e-a7850101d77e,55ded958-2c29-4d79-8440-9f77fdca0c5c,Tap Trailer For Ice Cold Beverages,Farmington,NM,food_trailer,sale,11000.00,8,45,4,turn on offers; add condition; add title status; add walkaround video; expand description; list what's included,no,no,no
cd1c62cd-1e1f-4d72-8811-576957af53f4,97dc8bb1-d9d3-4bf9-960a-8674082ded44,Downtown Phoenix Private Commercial Kitchens For Rent,Phoenix,AZ,ghost_kitchen,rent,100.00,6,45,3,add photos (6->8+); add condition; turn on instant book; add walkaround video; expand description; list what's included,no,no,no
205c63e8-ba53-41e8-b447-290bbd1006a7,97dc8bb1-d9d3-4bf9-960a-8674082ded44,Private Commercial Kitchens In Las Vegas,Las Vegas,NV,ghost_kitchen,rent,100.00,6,45,1,add photos (6->8+); add condition; turn on instant book; add walkaround video; expand description; list what's included,no,no,no
a2a2f761-da8c-4f59-ad5c-6a8b54f67083,454f16ce-dcff-4a55-a5a1-e91e158758fe,Fully Built 1994 S&H mobile Bar,Magnolia,TX,food_truck,sale,25000.00,8,45,1,turn on offers; add condition; add title status; add walkaround video; expand description; list what's included,no,no,no
a3ead971-38c7-4c0c-8f3f-2b02185c7c2f,bf4754c8-46ce-472e-8a71-2b8a7769a833,Custom-Built 6' x 12' Pop-Up Lemonade Concession Trailer,Charlotte,NC,food_trailer,sale,5900.00,6,50,46,turn on offers; add photos (6->8+); add condition; add title status; list what's included,no,no,no
c649440f-d3df-4f3a-a622-e118767efb4d,20434a7d-a365-4d4a-ab9b-5cff26815f33,My Food Trailer,Seguin,TX,food_trailer,sale,20000.00,21,50,12,turn on offers; add condition; add title status; add walkaround video; list what's included,no,no,no
82fd1286-32c8-4ce7-b22d-3105d26d5ae2,53d0c87c-e6c8-4309-bde9-47d377e58cea,2006 21' Freightliner MT45 All-Purpose Food Truck with Fire ,Abingdon,VA,food_truck,sale,35500.00,9,50,10,turn on offers; add condition; add title status; add walkaround video; list what's included,no,no,yes
f4d5e5ae-31eb-4ba0-9d2b-13df7279d020,f2865e60-125e-4921-b7c5-898ba1675045,🔥 TURNKEY SHIPPING CONTAINER KITCHEN🔥,Atlanta,GA,food_trailer,sale,18000.00,6,50,9,turn on offers; add photos (6->8+); add condition; add title status; list what's included,yes,no,yes
b7392745-3c33-48be-b4e9-2c5afc0d5890,7b0ce910-912e-47a4-bf55-6243abe7cbb8,2024 fully equipped Cynergy concession trailer,Toledo,OH,food_trailer,sale,29500.00,13,50,6,turn on offers; add condition; add title status; add walkaround video; list what's included,no,no,no
25ab2846-d917-4438-a6ac-366c973bb5b2,b5548157-8ddd-4c47-b79d-1c4483c000dc,Food Truck for sale in Brenham  TX,Brenham,TX,food_truck,sale,28000.00,4,50,6,turn on offers; add photos (4->8+); add walkaround video; expand description,no,no,no
98b799f7-067e-4b11-b912-828ef2878837,77f157af-d5d8-4be4-95d8-a1b755c6c6a1,2004 Workhorse Food Truck (Fully Functional),Houston,TX,food_truck,sale,34998.00,8,50,5,turn on offers; add condition; add title status; add walkaround video; list what's included,yes,no,no
f5582bd0-afac-44f1-9f85-3acf24c279f5,863d4cc1-7581-4d3c-8d73-6b33740931cf,Vintage (1955) one-of-a-kind fully restored Chevy all-purpos,Farmingdale,NJ,food_truck,sale,135000.00,24,50,5,turn on offers; add condition; add title status; add walkaround video; back up price vs comps; list what's included,no,no,no
5485ce08-9cd6-4c4c-851e-824e4b7d9451,4fc00959-da4f-4cee-9bac-d8e036254198,2025 Fully Equipped Food Trailer ,Dumfries,VA,food_trailer,sale,55000.00,24,50,5,turn on offers; add condition; add title status; add walkaround video; back up price vs comps; list what's included,no,no,no
ac5cf2e2-0b92-4665-b562-2d818f4313d6,9358c9c9-8b79-4205-8e51-c4445dc3ba7b,ully equipped and currently operating 1997 Chevy P30 Food Tr,Crest Hill,IL,food_truck,sale,85000.00,16,50,4,turn on offers; add condition; add title status; add walkaround video; back up price vs comps; list what's included,no,no,no
d98cfc23-1156-489e-a4f7-1e0bafb74fe5,e86990e4-0a49-4126-a786-ea2b29eb8457,2022 fully equit with bathroom food trailer,Lakeland,GA,food_trailer,sale,70000.00,16,50,4,turn on offers; add condition; add title status; add walkaround video; back up price vs comps; list what's included,yes,no,no
decffc8d-41b4-47c5-b11a-56631f3a84f1,5c9c2d22-d318-4542-8e16-1749868a83cd,Food Truck for sale in Buffalo  NY,Buffalo,NY,food_truck,sale,40000.00,4,50,3,turn on offers; add photos (4->8+); add walkaround video; expand description,yes,no,no
3c209101-f0d0-4714-b2a1-8a52e31e98b8,3d0c9a80-554a-49d0-8478-525cb79a87b9,🔥 2024 8×16 Turn-Key Food Trailer,Houston,TX,food_trailer,sale,50000.00,8,50,3,turn on offers; add condition; add title status; add walkaround video; back up price vs comps; list what's included,no,no,no
9fa1aac0-10d3-4c75-8e60-d8e16f7a0a47,3756d71d-fcff-48e2-960f-7f8c565e7c46,FOOD TRUCK FOR SALE OR LONG-TERM LEASE - $76 000 (Chicago),Chicago,IL,food_truck,sale,76000.00,15,50,3,turn on offers; add condition; add title status; add walkaround video; back up price vs comps; list what's included,no,no,no
c07375f0-c3c6-4ab4-a353-2deba419773b,00f5eddf-153e-451c-998a-f7a2a410b959,The Q — Commercial Kitchen & Commissary (Downtown Boaz  AL),Boaz,AL,ghost_kitchen,rent,240.00,7,50,3,add photos (7->8+); add condition; turn on instant book; add walkaround video; list what's included,no,no,no
5894832e-034c-48ba-8315-1321e9b32080,ce5ab03f-9d2e-4052-b7c3-1a1347ad5b5d,BBQ Food Trailer (large smoker included),Myakka City,FL,food_trailer,sale,46000.00,5,50,1,turn on offers; add photos (5->8+); add condition; add title status; list what's included,no,no,yes
efa664df-1f34-421f-90f8-2ebc88e471fd,33fb896d-2c60-42e7-b3eb-20d2e44ee08e,Food trailer (Indian food truck),Bradenton,FL,food_trailer,sale,40000.00,9,50,1,turn on offers; add condition; add title status; add walkaround video; list what's included,no,no,no
29db594a-1746-4d42-954a-16673d9ff875,0512c2fe-7f8c-4e29-b7b2-5e48e16e1b11,NEAR NEW TURNKEY Mobile Tap Trailer - Motivated Seller,Bethlehem,GA,food_trailer,sale,25300.00,14,50,1,turn on offers; add condition; add title status; add walkaround video; list what's included,no,no,yes
208387b2-6318-4488-963f-3741be63d929,3a50f35c-f05e-49b8-8603-0cd7533e5ddf,2024 8.5'x16' Red Mobile Food Kitchen Trailer with Pro Fire ,Huntsville,TN,food_trailer,sale,50000.00,24,50,1,turn on offers; add condition; add title status; add walkaround video; back up price vs comps; list what's included,no,no,yes
55edfe53-5622-438f-b663-7ced764cc9ca,454f16ce-dcff-4a55-a5a1-e91e158758fe,Mobile Bar Trailer,Tomball,TX,food_trailer,rent,350.00,8,55,7,add condition; turn on instant book; add walkaround video; expand description; list what's included,no,no,no
900a7382-331d-4080-a351-5fd3d90aa5b7,9f6d7c52-30a6-47d4-872e-76b4ff083d3b,Coffee trailer with room for a kegerator,Gaithersburg,MD,food_trailer,sale,30000.00,3,55,5,turn on offers; add photos (3->8+); add walkaround video,no,no,no
1f70ae11-184e-47c0-a507-f9f13165ef6a,959394ca-cea0-40f5-b6c0-5a3475c71a0b,2026 full decked out pizza truck ready to sling some incredi,Fort Worth,TX,food_truck,sale,140000.00,3,55,4,turn on offers; add photos (3->8+); add walkaround video; back up price vs comps,no,no,no
d93c53cb-f440-4672-ba6c-912c8266cda8,f559486d-0ccb-4caf-b28d-421b960e0a4b,2025 8.5' X 16' FOOD TRAILER CALIFORNIA,La Feria,TX,food_trailer,sale,49600.00,9,55,0,turn on offers; add condition; add title status; back up price vs comps; expand description; list what's included,yes,no,no
f13ba587-0d95-48f3-9a18-3bb92e540e05,40d70515-2fce-4a15-97b1-6f3d945c83ff,Full loaded food trailer for rent,Rex,GA,food_trailer,rent,300.00,5,60,15,add photos (5->8+); add condition; turn on instant book; list what's included,no,no,no
fa7c0293-761e-4f75-8893-f3ecd3f8357f,3f63ade7-535a-4040-9101-d969e9a50677,Brand new beautiful coffee trailer for sale!!,Placerville,CA,food_trailer,sale,14000.00,4,60,11,turn on offers; add photos (4->8+); expand description,yes,no,no
b5ea28a6-3262-43bd-8e91-2f23eb3a0799,c03075a0-d1f1-49a9-b428-7d8c409576ce,Food Truck for sale in Us Highway 19 N Palm Harbor  FL,Us Highway 19 N Palm Harbor,FL,food_truck,sale,40000.00,6,60,7,turn on offers; add photos (6->8+); add walkaround video; expand description,yes,no,no
cbb5119a-c8f5-45fc-a357-b8e5c15f84d8,398e66a8-04a9-4c70-b24d-e6736d619b29,8x16 Kitchen trailer for sale,Colbert,GA,food_trailer,sale,45999.99,12,60,5,turn on offers; add condition; add title status; list what's included,no,no,no
4e50a07a-6909-411b-a4e0-429fee24c52a,7825c02f-90ed-4e89-b173-dfae547ab1c8,Immaculate Custom 2018 Ford F59 Food Truck by Prestige (Only,Denver,CO,food_truck,sale,108089.00,14,60,5,turn on offers; add condition; add title status; back up price vs comps; list what's included,no,no,no
a27ad5e3-5260-4af1-beca-2a13b82fd733,ef357256-b346-4d79-8933-66e774692152,My Food Trailer,Douglasville,GA,food_trailer,sale,15000.00,10,60,4,turn on offers; add condition; add title status; list what's included,no,no,no
d6f3bf8a-e0c1-4555-8669-31febab1ff55,43e5249b-9ccb-4c10-85b6-9ec7ac6cfc60,General Food Trailer,Tucson,AZ,food_trailer,sale,25000.00,7,60,3,turn on offers; add photos (7->8+); add walkaround video; expand description,no,no,no
10ae96b2-12c7-413a-a612-92110bc2050e,5fbd89d5-fa6b-424c-97b8-dea19753eda8,Food Truck renovated inside - out,Austin,TX,food_truck,sale,37500.00,14,60,3,turn on offers; add condition; add title status; list what's included,no,no,yes
ede54357-a79d-4325-bb1f-153c75fd89dc,4bcf4516-26c3-44f5-8ac1-d2555a52a0de,Commercial Kitchen Rental,Dallas,OR,ghost_kitchen,rent,160.00,13,60,0,add condition; turn on instant book; add walkaround video; list what's included,no,no,no
7757ad2a-dae9-4d1c-a9bf-68d703bb53ba,4b9b8890-4861-44d3-be90-ac9ab4a4f39f,2024 Food trailer for Rent (AS IS),Boca Raton,FL,food_trailer,rent,300.00,3,65,25,add photos (3->8+); add walkaround video; expand description,no,no,no
72f3eb0e-24b0-4253-8329-4ba9e5e2e298,8a7bfd22-0a9f-4a8c-8b03-b9ecdf2f82cb,Cedar Tap Trailer,Clearwater,FL,food_trailer,sale,11000.00,4,65,10,turn on offers; add photos (4->8+),yes,no,no
23a6af9a-483b-458d-8f7e-3f248531d028,d332e43e-83f9-47f4-b2b6-6012ffd99f1d,2025 Food Trailer – Fully Equipped – Ready for Business,Altamonte Springs,FL,food_trailer,sale,23000.00,7,65,10,turn on offers; add photos (7->8+); add walkaround video,yes,no,no
48d74da6-4702-4669-a601-9fa0463d8693,c677e805-e035-48e5-a842-f40101f05657,TURNKEY  ITALIAN ICE BUSINESS ,Lincoln,DE,food_trailer,sale,49000.00,5,65,9,turn on offers; add photos (5->8+); add walkaround video; back up price vs comps,no,no,no
7639ec91-baf6-4ca7-95ea-4f489fd173d2,e887b32d-e6ab-4ed9-bf07-a245b157f79d,Shaved Ice trailer/ or business of your choice,Joplin,MO,food_trailer,sale,12000.00,3,65,8,add photos (3->8+); add walkaround video; expand description,no,no,no
254e64f0-863b-4442-ad71-d01ca49f4156,19e20d9f-7703-47a7-91bd-c1c3bce4f10e,2026 6by12 Food Trailer,Knoxville,TN,food_trailer,sale,12500.00,4,65,6,add photos (4->8+); add walkaround video; expand description,yes,no,no
e65b145b-c462-46d9-9198-ca4761361e17,25a2c170-d11c-4a4a-b1f6-b034d70ba247,Coffee trailer ,Mesa,AZ,food_trailer,sale,45000.00,7,65,5,turn on offers; add photos (7->8+); add walkaround video,no,no,no
a4b11455-33a8-4789-a3e6-350306c117f4,b0de7174-a14c-4b41-adbf-9a75618e40c3,Use this instead “Food Trailer for Sale ready to be used”,La Verkin,UT,food_trailer,sale,31750.00,7,65,3,turn on offers; add photos (7->8+); add walkaround video,no,no,no
4176a4f0-a90a-4cdb-bf3e-b154e3fc3a45,24aaf6ef-ad75-4c87-98a7-3fd0bced9f29,Food Truck for sale in Lorton  VA,Lorton,VA,food_truck,sale,45000.00,5,65,2,turn on offers; add photos (5->8+); add walkaround video,no,no,no
f1a879a6-6c16-4c17-b902-a2c84b1036ff,481e4bf0-531b-4343-bd3b-c4c78795f147,Mobile Ice Cream Trailer For Sale - See Profits Fast,Everett,WA,food_trailer,sale,80000.00,6,65,1,turn on offers; add photos (6->8+); add walkaround video; back up price vs comps,no,no,no
86efe80b-2581-47a8-a836-769364460aa6,0a9f8478-95b0-4dea-b82b-b5c0fb5e0c56,Charcuterie cart,Charlotte,NC,food_truck,sale,800.00,5,65,0,turn on offers; add photos (5->8+); add walkaround video,yes,no,no
63f45b26-62bc-489e-a43f-8ae56f37217b,255deb5e-75eb-46c1-853b-1e92b79a20f6,Mailbox style trailer,Lexington,KY,food_trailer,sale,8500.00,50,70,16,turn on offers; add walkaround video; expand description,yes,no,no
dc2dd4ff-cc23-41a8-8a4f-4e496fc6ff62,0a3a80fa-4189-4c7b-a1cd-f2faf3a4e543,2002 workhorse P42 6.5 L diesel,Chambersburg,PA,food_truck,sale,11500.00,3,70,14,add photos (3->8+); add walkaround video,no,no,no
287402c2-f933-487e-9b42-e46489d3c26f,dbae84f5-ff6c-4ee9-9a2d-4df7bd74a6a2,Food truck for sale.,Hackensack,NJ,food_truck,sale,60000.00,12,70,9,turn on offers; add walkaround video; expand description,yes,no,no
dcf9453f-8422-45d0-b8b5-176d3b288df3,cc537ce7-d859-4d65-8904-63fa1198cd47,That's good,Ridgefield Park,NJ,food_truck,sale,10000.00,8,70,8,turn on offers; add walkaround video; expand description,no,no,no
be33206d-3b79-476f-b9fa-58421ad17bd1,b5179034-aa6a-404d-837f-2ae31a777ab8,Food Trailer for sale in Valley  AL,Valley,AL,food_trailer,sale,24000.00,12,70,5,turn on offers; add walkaround video; expand description,yes,no,no
1ba5e5ac-574c-4223-a6b8-fece3013a32a,1b987de1-8ef1-407a-8e97-c68a0f248ee0,Grill Trailer for Sale in Buckeye Az,Buckeye,AZ,food_trailer,sale,7000.00,5,70,5,turn on offers; add photos (5->8+); expand description,yes,no,no
e822783b-ad03-4695-96b9-fae7e8697de2,10f85a74-19e0-4feb-a305-b63ee15831e0,That’s perfect,Miami,FL,food_trailer,sale,35000.00,10,70,5,turn on offers; add walkaround video; expand description,yes,no,no
fcdfd8df-0dd3-4ea7-9121-be902c5081ad,87ea0bdf-4d6a-4e5d-bf5e-4c54f7b9b33a,Permitted and ready to use food truck. Comes with:,Maryville,TN,food_truck,sale,27000.00,9,70,5,turn on offers; add walkaround video; expand description,yes,no,no
569f76e2-d019-48e7-b2c7-56ca326682c8,7ca772e6-dfcc-482c-af31-5fe1fe7be26c,2022 food trailer fully equipped just need fridges,Dayton,TX,food_trailer,sale,20500.00,10,70,2,turn on offers; add walkaround video; expand description,yes,no,no
c0bbaea5-266b-4d14-8d38-6a570754928f,f5b89993-dec9-43e9-9217-ef26c458431d,Food Truck for sale in Nashville  TN,Nashville,TN,food_truck,sale,32000.00,9,70,1,turn on offers; add walkaround video; expand description,yes,no,no
c4113bc0-bd6e-41d5-bfd5-7eb135465c36,fd6d1bb3-3cd6-407c-af2c-9456479dd42b,Turnkey Food Truck for sale Hiram  GA!,Hiram,GA,food_truck,sale,30000.00,12,75,18,turn on offers; add walkaround video,no,no,no
acb2ab5c-afc8-45e1-96d0-45b9d6ca001a,d9713d50-f42b-4702-8589-bcaf5b5fb6d3,Food Trailer for sale in Frostproof  FL,Frostproof,FL,food_trailer,sale,18000.00,12,75,14,turn on offers; add walkaround video,yes,no,no
b6f99adb-53a4-4f02-90f8-cc66c87ad33b,e6e866b2-a0aa-4466-9054-d2f849903108,2009 Workhorse Food Truck — Fully Equipped — Clear Title — $,Cottonwood Heights,UT,food_truck,sale,60000.00,13,75,14,turn on offers; add walkaround video,no,no,no
9ad68341-90d5-4dd7-b745-17041bdbc0c2,5b02ce18-d79c-424d-ba45-621a6d29d2fe,Brand new  never used food trailer available in Emeryville.,Emeryville,CA,food_trailer,sale,18000.00,11,75,13,turn on offers; add walkaround video,yes,no,no
109f57be-b1c6-41bb-a2a1-bc8c3efa8e51,e505dff9-a6ff-41dc-a71c-737cfa67041c,Use Sno Cone/Beverage Trailer in Harker Heights  tx,Harker Heights,TX,food_trailer,sale,18500.00,12,75,9,turn on offers; add walkaround video,yes,no,no
8775ded0-664c-4aee-99ba-99f6fc7124e0,edb03d7a-8315-4d1a-b922-1da26626acc5,2026 BRAND NEW CUSTOM RETRO CONCESSION / BEVERAGE TRAILER – ,Nampa,ID,food_trailer,sale,36000.00,21,75,9,turn on offers; add walkaround video,no,no,no
47d0c86c-f990-42c9-b8f0-382e73d8cb72,ba7ac976-e978-40b7-af5f-93283209b692,Food Trailer for sale in Raeford  NC,Raeford,NC,food_trailer,sale,10000.00,10,75,8,turn on offers; add walkaround video,yes,no,no
b40a07a3-f333-4f1d-9cf8-ae44963f6927,7197d587-c2cb-4495-941e-ec320549cfd3,Turnkey dessert/coffee truck,Austin,TX,food_truck,sale,40000.00,11,75,7,turn on offers; add walkaround video,yes,no,no
ce6ce158-6307-4a6f-9c6f-46f1f720be2b,dadee20b-7da1-4b3b-b1a1-0405e8448039,Brand New Coffee Food Trailer,Glendale,CA,food_trailer,sale,40000.00,12,75,6,turn on offers; add walkaround video,no,no,no
e6efa74a-cdda-4195-9546-b440016346cc,bf7b07d2-a9bb-475c-bb98-4215aa36711d,Turnkey food truck for sale in Sarasota. Set for pizza or ot,Sarasota,FL,food_trailer,sale,34000.00,12,75,6,turn on offers; add walkaround video,yes,no,no
d30799f2-e512-4389-9a38-871ad854d91a,4ecfa198-7a70-4ccc-82dd-98a2862fa7bc,Fully equipped and inspected pizza trailer,Las vegas,NV,food_trailer,sale,53000.00,13,75,6,turn on offers; add walkaround video; back up price vs comps,yes,no,no
22701ef2-b32e-49fd-a38a-513ee38b605b,84dd54dc-eba1-4696-88c4-e05713820ca1,Fully equipped 2026 Trailer,Miami,FL,food_trailer,sale,75000.00,6,75,5,turn on offers; add photos (6->8+); back up price vs comps,yes,no,no
1683c9f9-246e-40de-a1dd-987748bd1673,c3c37490-0237-4054-b82a-59c5ee287a5d,Food Trailer for sale in Columbia Falls  MT,Columbia Falls,MT,food_trailer,sale,42999.00,12,75,5,turn on offers; add walkaround video,yes,no,no
38bea00a-bf1b-42fa-a235-25332aa654ca,41ca9d55-fd61-4f35-bf1f-f06b7cc29883,Austin Vegan Food Truck and Trailer,Austin,TX,food_truck,sale,75000.00,21,75,5,turn on offers; add walkaround video; back up price vs comps,no,no,no
7a2b7632-aa4e-4ed9-b0d6-1a1bcaea8cb0,d2293bf9-97dd-41b2-83f3-97b2074801a3,I'm selling a dream on wheels!,Daphne,AL,food_trailer,sale,16000.00,15,75,4,turn on offers; add walkaround video,no,no,no
c001129e-dfb8-42e2-bb4f-cf83dc0a2027,46a81757-fa8f-4727-98b1-69fc1d3e242c,2000 Freightliner MT45 Food Truck - Brand New Equipment,Fairfield,CA,food_truck,sale,29900.00,23,75,4,turn on offers; add walkaround video,no,no,no
1d8c9104-4554-4e50-ba50-dc3c0008af6d,fcde9ede-aa96-411b-a97c-4844ffb9cc05,2021 8.6' x 20' Bakery Food Concession Trailer Mobile Vendin,Iola,WI,food_trailer,sale,59999.00,10,75,4,turn on offers; add walkaround video; back up price vs comps,no,no,no
812d82b1-f4ba-48fb-b82f-3fa4c74ced37,ca8a4ab4-2cb2-49d8-ae98-2f335c772653,Foodtruck OBO,Las Vegas,NV,food_truck,sale,61000.00,10,75,4,turn on offers; add walkaround video,no,no,no
31711bb6-93ed-4ad0-9218-20959c84236c,273fe043-333c-4359-9ed4-dfbdde4e6f6e,2025 mobile coffee trailer with Coffee/Espresso machine (and,Elgin,SC,food_trailer,sale,32500.00,10,75,4,turn on offers; add walkaround video,yes,no,yes
4804542d-6b42-4e93-a90e-17e04009f4cc,8a32f399-3068-4d37-a567-b6795da16a76,Turnkey desert trailer ready to work,Pembroke Pines,FL,food_trailer,sale,23000.00,6,75,3,turn on offers; add photos (6->8+),no,no,no
62b96f82-7424-4bba-b2c4-d3c23404a9d5,602722b6-623d-4f68-8021-62d197f53352,2024 10’ Concession Trailer with Predator 9500 Generator — K,Kissimmee,FL,food_truck,sale,15000.00,12,75,3,turn on offers; add walkaround video,yes,no,no
6b466651-d042-4150-932e-09a76290866b,bffa9366-bf11-40f9-8650-6074ed8690d1,FOOD CONCESSION TRAILER MOBILE KITCHEN UNIT W/HCD INSIGNIA,Los Angeles,CA,food_trailer,sale,60000.00,18,75,2,turn on offers; add walkaround video; back up price vs comps,no,no,no
a7594e1f-fbe2-4e5a-abad-b5fe2069c00b,2605d614-7163-4013-b01e-4b974becaa92,Food Trailer for sale in Austin  TX,Austin,TX,food_trailer,sale,35500.00,9,75,2,turn on offers; add walkaround video,yes,no,no
6458a2bc-fd12-4457-8760-4eba5f810c6f,f10ca560-9124-461d-99f1-dc3852aad19c,Food Trailer is in Mint Condition. Ready to be used. Fully E,Jackson Township,NJ,food_trailer,sale,68000.00,12,75,1,turn on offers; add walkaround video; back up price vs comps,yes,no,no
7c8c1ca4-b4bf-41ef-a9df-15c61af87059,4f98020b-a296-4760-bc2b-78ef63d15fc5,Fully equipped BBQ smoker ,San Dimas,CA,food_trailer,sale,31000.00,6,80,23,add photos (6->8+); add walkaround video,yes,no,no
572957bb-9ba7-4c4f-b4fa-9cd85a16cddc,bb229105-b243-418a-b2c1-9808aec13d46,2021 6×12 Fully Equipped Food Trailer – Ready for Business,Baltimore,MD,food_trailer,sale,18000.00,5,80,8,add photos (5->8+); add walkaround video,yes,no,no
b3278aec-9f29-4d95-b145-a14c31cbae76,36009aa7-fd81-47c3-903f-79ccbf1502f3,2022 Fully Equipped BBQ Trailerwith Enclosed Smoker Section,Vail,AZ,food_truck,sale,41500.00,6,80,7,add photos (6->8+); add walkaround video,no,no,no
d20b2e3b-ac23-40c8-882e-038909520493,c7620448-d37b-47ff-b0a7-736df27ed0ff,Food Trailer for sale in Riverdale  MD,Riverdale,MD,food_trailer,sale,58900.00,6,80,3,add photos (6->8+); add walkaround video; back up price vs comps,yes,no,no
650be60a-4d7a-4bb8-a677-0893d6a6451a,de07e405-c77a-461a-bf6a-16936ed6b0b6,MA’Z TACOS – TURNKEY TUCSON FOOD TRUCK BUSINESS FOR SALE BRA,Tucson,AZ,food_trailer,sale,175000.00,7,80,3,add photos (7->8+); add walkaround video; back up price vs comps,no,no,no
ca66afbe-a543-478b-89d9-c6771165e1b9,c9a01aec-0673-469c-a795-02164e74ca87,foodCUBE - built on a 2008 Isuzu NPR Diesel Chassis,Round Rock,TX,food_truck,sale,74900.00,5,80,2,add photos (5->8+); add walkaround video; back up price vs comps,yes,no,no
c2a323e2-8b8a-469a-b5e3-d61c3fe305e5,d126f042-e517-46ee-b89d-0bd83483a88d,Turnkey 17.5ft LeMontH Classic Food Trailer — Fully Equipped,Key West,FL,food_trailer,sale,50900.00,3,80,2,add photos (3->8+); back up price vs comps,no,no,no
c8d152a4-dbc2-4239-8e0a-56cecac50266,b420d8c8-f0f5-4f20-8250-64d70c9993df,2026 Fully loaded Food trailer READY ,Lilburn,GA,food_trailer,rent,350.00,6,85,36,add photos (6->8+); expand description,yes,no,no
587b1919-9828-46ef-bba8-76da9553f962,de0d03a7-c0cf-4078-808c-cd4a1251af5a,Brand New 2025 Dreamfly Airstream Ready to Go! Never been us,Stoughton,MA,food_trailer,sale,25000.00,6,85,18,add photos (6->8+); expand description,no,no,no
1707a6d0-76e7-4ad0-8a31-403b6a5b047e,333a8ff2-36d4-4f98-b24d-ef6e701737b7,Like New Compact Food Trailer For Sale,Aiken,SC,food_trailer,sale,8000.00,11,85,13,turn on offers,no,no,no
3eea8fe1-3afe-4a92-a688-226927a8522d,93811767-c356-435e-8aae-de43e9fb477b,2024 fully loaded food trailer,Glendale,AZ,food_trailer,sale,28000.00,17,85,4,add walkaround video; expand description,no,no,no
7d45951e-0206-4f78-9e31-8b4bffc620ed,4d7cee0d-2979-4d1a-8ff2-735accffa2a3,2021 Mercedes Sprinter 4500 xl in turn key condition.  Low m,Goodlettsville,TN,food_truck,sale,89000.00,19,85,4,add walkaround video; back up price vs comps; expand description,yes,no,no
cc22ddd2-3a14-48df-80d3-9bafa40b547c,4d7cee0d-2979-4d1a-8ff2-735accffa2a3,Gorgeous Turn-key 2020 Diesel Mercedes Benz 2500 General Pur,Goodlettsville,TN,food_truck,sale,90000.00,23,85,3,add walkaround video; back up price vs comps; expand description,yes,no,no
5534f230-99a7-4ff6-a2b4-f495cdac1946,d8046cdd-aa84-42b4-b739-938de47c7c04,Food trailer 8x15,Missouri City,TX,food_trailer,sale,35000.00,9,85,2,turn on offers,no,no,yes
f874da36-6313-4bad-bb25-6d9a9f5f5897,57a3824e-24e0-4038-9808-b440b36fa65f,2026 20ft food trailer used,pensacola,FL,food_trailer,sale,55000.00,8,85,0,add walkaround video; back up price vs comps; expand description,yes,no,no
f814bc22-d682-4ddf-818e-049472578f49,24050d09-bc26-42d9-91e2-7c445f9203dc,2023 SDG 37' Custom Commercial Kitchen on Wheels,Birch Run,MI,food_trailer,sale,118500.00,18,90,15,add walkaround video; back up price vs comps,no,no,yes
3678b74e-769c-4a6a-9306-090074d81abb,25cf6eb9-d454-428b-8314-38e2832a0c64,2004 18 ft Workhorse P42 All Purpose Food Truck,Ocean Springs,MS,food_truck,sale,59985.00,42,90,11,add walkaround video,no,no,no
0bb809bc-965e-4598-8260-636db1563db7,b6d57fef-2a28-491e-9c30-928fdd7c2e84,2024 8x16 Turnkey Food Trailer – CA HCD Insignia – Health Pe,Los Angeles,CA,food_trailer,sale,79000.00,10,90,8,add walkaround video; back up price vs comps,yes,no,no
d02ec787-17cb-4e37-b1a7-e70dec639b23,421aa58f-ac7e-4eaf-92e3-2b6be284fb0a,16 Foot Ready-to-Operate - Food Trailer in Miami,Miami,FL,food_trailer,sale,45000.00,11,90,7,add walkaround video,no,no,no
0c055798-902a-4b1f-898f-d44b71c11282,60479572-020b-4b48-b739-f889ad8a27a5,2021 well equipped food trailer,Ely,MN,food_trailer,sale,36000.00,9,90,7,add walkaround video,yes,no,no
05bf0f46-7850-41d1-a7d6-1b4e52866f04,7a988661-4791-4beb-a0d5-e209914dbc27,2025 20' Turnkey Food Trailer – Fully Equipped Commercial Ki,Terre Haute,IN,food_trailer,sale,46499.00,24,90,5,add walkaround video,yes,no,no
1c1d92fa-fd77-4d48-9dfe-e5348e19b672,e3da22d5-4971-4490-86cb-f6864f2e8fa1,FOR SALE: 2016 CLARK FOOD TRAILER – $20 000  Price: $20 000 ,Houston,TX,food_trailer,sale,22000.00,11,90,5,add walkaround video,yes,no,no
3c5c4943-dca5-40cd-bfef-547446077f46,d7077653-fd60-40ec-b980-2e52862f7b0a,2021 8.5 X 24 ENCLOSED  REFRIGERATED  16K CAPACITY CARGO TRA,Sparta,TN,food_trailer,sale,12000.00,8,90,4,add walkaround video,no,no,no
6f438a50-85bb-43bd-b0ad-c6253251b12d,2d6d68c7-7efe-40cb-8061-42ac57b351a4,Fully Equipped Mobile Juice Truck-Van - Ready to Roll,Centennial,CO,food_truck,sale,30000.00,27,90,4,add walkaround video,no,no,no
99578bd4-d236-4371-b8f6-563a5d10d7a5,6d671fdc-75f4-411e-ae85-de3e55a34d44,Fully loaded Food truck,Brighton,NY,food_truck,sale,65000.00,8,90,4,add walkaround video; back up price vs comps,no,no,no
c96a0bae-53c4-4df4-b895-b90e3d50703b,f12a82b3-ec28-4cc6-9575-1e0ddea7cacd,2005 GMC  8.1L 28' Custom Wood-Fired Pizza Food Truck w/only,Bentonville,AR,food_truck,sale,85000.00,16,90,3,add walkaround video; back up price vs comps,no,no,no
3fb06155-e9e4-4905-87a6-75a315aa628c,f5d45ee4-6b46-44b8-9c7e-beff391360ea,1993 International Food Truck – Fully Built Mobile Kitchen –,Jacksonville,FL,food_truck,sale,20000.00,20,100,11,,yes,no,no
db4c8d64-a1ec-4db4-9715-4ca6ae8fd3b7,f6fb5b0a-6f90-44cb-97f3-addda2c2b10a,Fully equipped custom build food trailer,Charlottesville,VA,food_trailer,sale,180000.00,27,100,6,back up price vs comps,no,no,no
2dafd746-faf6-4b76-9d2a-e4a69ae3ff71,4f21ffbc-f1c8-4567-ae0f-acabd3ef07d9,2026 Coco Hazel Coffee/Food Truck: Brand New  Complete and R,Richmond,VA,food_trailer,sale,39999.00,8,100,5,,yes,no,no
074161d2-7252-4178-a3d4-0815adf43d90,7dab93c8-f289-4d7c-a8b2-c1d712272d12,Custom Built FUD Commercial Kitchen Trailer (Never used  Sto,Dania Beach,FL,food_trailer,sale,30000.00,11,100,3,,no,no,no
8d19aa3e-9c58-4a48-8557-5a87b4b2d4f9,ae127ada-ea25-4621-811d-f45983b48d4c,Turnkey Fully Equipped Commercial Food Trailer - Licensed as,Gaylord,MI,food_trailer,sale,48000.00,25,100,2,back up price vs comps,yes,no,no
