id	title	description	availability	availability date	expiration date	link	mobile link	image link	price	sale price	sale price effective date	identifier exists	gtin	mpn	brand	product highlight	product detail	additional image link	condition	adult	color	size	size type	size system	gender	material	pattern	age group	multipack	is bundle	unit pricing measure	unit pricing base measure	energy efficiency class	min energy efficiency class	min energy efficiency class	item group id	sell on google quantity
99d179ad-16ad-4bb3-9ccb-cd1a8e157284	Food Trailer (Best financing option in the market $680-$980) - Food Trailer for Sale in Scottsdale, AZ	Turn your culinary vision into reality with a brand-new, 2025 custom food trailer designed specifically for your unique menu. Whether you are launching a gourmet brand or expanding an existing business, our trailers provide the ultimate professional foundation for success. We specialize in creating high-quality, efficient mobile kitchens that balance sleek aesthetics with rugged durability, ensuring you stand out at every event or street corner. We believe that high entry costs shouldn't stand in the way of your dreams, which is why we offer some of the most competitive financing options on the market. Our flexible payment plans are designed to keep your overhead low while you build your brand. Every unit is tailored to your specific needs, allowing you to optimize your workflow and maximize your output during those busy service rushes. Speed is essential in the food industry, and we pride ourselves on our industry-leading turnaround times. From the initial design phase to the moment you hit the road, we maintain a streamlined production process that gets you operational in just four to five weeks. Don’t settle for a pre-owned unit with hidden issues when you can own a customized, 2025 model built to your exact specifications. Contact us today for a personalized quote and let’s start building your future on wheels. **Listing Highlights:** * Brand new 2025 custom-built units * Highly competitive financing and lease-to-own options * Rapid 4-5 week production lead time * Fully customizable layouts to fit your specific equipment needs * Professional-grade construction and modern finishes	in_stock			https://vendibook.com/listing/99d179ad-16ad-4bb3-9ccb-cd1a8e157284		https://nbrehbwfsmedbelzntqs.supabase.co/storage/v1/object/public/listing-images/47f2051d-318e-4f40-b9ae-b6984e7fc5d2/99d179ad-16ad-4bb3-9ccb-cd1a8e157284/1771012875547-2ec6o.jpg	24900.00 USD			no			Custom Food Trailer				used																		1
d93c53cb-f440-4672-ba6c-912c8266cda8	2025 8.5' X 16' FOOD TRAILER CALIFORNIA - Food Trailer for Sale	This Beautiful Food trailer was built and equipped for business, it's ready to help you start your venture in the food industry!	in_stock			https://vendibook.com/listing/d93c53cb-f440-4672-ba6c-912c8266cda8		https://nbrehbwfsmedbelzntqs.supabase.co/storage/v1/object/public/listing-images/f559486d-0ccb-4caf-b28d-421b960e0a4b/d93c53cb-f440-4672-ba6c-912c8266cda8/1775752366530-nw9ey9.jpeg	49600.00 USD			no			Custom Food Trailer				used																		1
7a273f15-3b68-4319-b6f6-45e04d276d0a	Ice Cream Truck - Turnkey Business - Food Truck for Sale	Established ice cream truck route included. Truck features soft serve machine, freezer storage, and iconic music system.	in_stock			https://vendibook.com/listing/7a273f15-3b68-4319-b6f6-45e04d276d0a		https://images.unsplash.com/photo-1563805042-7684c019e1cb?w=800	35000.00 USD			no			Custom Food Truck				used																		1
dd552f16-5099-46b9-b7dd-64c44d7bc0c4	BBQ Smoker Trailer - Competition Ready - Food Trailer for Sale	Custom-built offset smoker trailer. 1000 lb capacity, dual fireboxes, competition proven. Includes tow package.	in_stock			https://vendibook.com/listing/dd552f16-5099-46b9-b7dd-64c44d7bc0c4		https://images.unsplash.com/photo-1529193591184-b1d58069ecdd?w=800	28000.00 USD			no			Custom Food Trailer				used																		1
34eb359a-71ec-46e8-8cca-357634bb95ac	Coffee & Espresso Trailer - Food Trailer for Sale	Fully equipped coffee trailer with commercial espresso machine, grinder, and refrigeration. Solar powered option available.	in_stock			https://vendibook.com/listing/34eb359a-71ec-46e8-8cca-357634bb95ac		https://images.unsplash.com/photo-1495474472287-4d71bcdd2085?w=800	32000.00 USD			no			Custom Food Trailer				used																		1
349ca02e-d0c1-4298-94f0-c7109c1cc691	Food Vending Trailer / Mobile Concession Booth – Dual Windows (Model FT41) - Food Trailer for Sale in Houston, TX	Maximize your efficiency and streamline your service with the Model FT41 Food Vending Trailer. Designed for the high-demand mobile concessionaire, this thoughtfully engineered booth balances a compact footprint with an expansive service capacity. The standout feature of the FT41 is its dual service window configuration, which allows you to optimize your workflow by designating separate stations for ordering and pickup, or by serving two lines simultaneously during peak festival rushes. The interior layout is masterfully enclosed to provide a secure environment that maximizes every square inch for both active food preparation and clever storage solutions. Whether you are serving gourmet snacks or classic stadium fare, the FT41 ensures you have everything within arm’s reach while maintaining a professional, uncluttered appearance for your customers. Powering your business is seamless and stress-free. This unit comes fully equipped with a versatile power setup, featuring a dedicated hookup that is ready for both shore power and generator use. This flexibility ensures you can operate reliably at permanent fairgrounds or remote pop-up locations without missing a beat. The Model FT41 is more than just a trailer; it is a professional mobile storefront designed to turn visibility into profitability. **Key Highlights:** * Strategic dual-window design for enhanced customer throughput * Versatile power configuration compatible with shore and generator sources * Enclosed booth layout optimized for both storage and service efficiency * Professional, streamlined aesthetic ideal for various vending environments * Compact Model FT41 footprint for easy transport and setup	in_stock			https://vendibook.com/listing/349ca02e-d0c1-4298-94f0-c7109c1cc691		https://nbrehbwfsmedbelzntqs.supabase.co/storage/v1/object/public/listing-images/77f157af-d5d8-4be4-95d8-a1b755c6c6a1/349ca02e-d0c1-4298-94f0-c7109c1cc691/1768892777901-tw864.jpg	25000.00 USD			no			Custom Food Trailer				used																		1
fec458ae-0672-4073-ac92-c120de896c8a	Premium Seafood Truck Empire - Food Truck for Sale in Seattle, WA	High-end seafood truck with multiple revenue streams. Includes catering contracts, event bookings, and loyal following.	in_stock			https://vendibook.com/listing/fec458ae-0672-4073-ac92-c120de896c8a		https://images.unsplash.com/photo-1559339352-11d035aa65de?w=800	125000.00 USD			no			Custom Food Truck				used																		1
29db594a-1746-4d42-954a-16673d9ff875	NEAR NEW TURNKEY Mobile Tap Trailer - Motivated Seller - Food Trailer for Sale in Lawrenceville, GA	Interested in starting your dream mobile bar? Look no further! Perfect for event-specific rentals or festivals/local events! Everything was purchased less than a year ago and works flawlessly. ONLY USED FOR FOUR EVENTS!! Last event was in September 2025, then we had to move to a different state. Comes with everything you need to start tapping beverages from day 1: -Four 5 gal reusable kegs -Keg sleeves -Jockey Box -Beverage Tray -Cleaning keg -Cleaning products -Two CO2 tanks -One Nitrogen tank -Spare tire -Custom built folding bar top w/ wheels -Custom designed light signs -Custom-fit trailer cover -Couple hundred clear cups -Sticker printer for cups -Square terminal POS system (USED ONCE) -Tap signs for custom signage The best part about all of this is that the trailer doesn’t require any electricity! Truly 100% off-grid and can easily be towed SUV/truck.	in_stock			https://vendibook.com/listing/29db594a-1746-4d42-954a-16673d9ff875		https://nbrehbwfsmedbelzntqs.supabase.co/storage/v1/object/public/listing-images/0512c2fe-7f8c-4e29-b7b2-5e48e16e1b11/29db594a-1746-4d42-954a-16673d9ff875/1769467123029-llx81q.jpeg	25300.00 USD			no			Custom Food Trailer				used																		1
67b22e91-5540-4c75-a1d7-8d60f04afc22	Hot dogs and burgers cart - Food Trailer for Sale	Ready to work! It’s has sinks hot water, Has a grill to cook hot dogs, burger, tacos and more, clean and dirty water tank, 3 ice coolers and 3 storage you can store plates, cups and more it’s a cooler for fruit or snack, large sign 3’ x 8’.. this cart is little large that normal cart you can hitch with your truck, 7/8 ball, everything working condition as you see in the picture,, This cart hasn’t title, bought it in 2010 from California, Kareem trailer food corporation, Sold as is! container and accessories not included	in_stock			https://vendibook.com/listing/67b22e91-5540-4c75-a1d7-8d60f04afc22		https://nbrehbwfsmedbelzntqs.supabase.co/storage/v1/object/public/listing-images/924e1f23-b87d-4b7f-8ff9-30228d196180/67b22e91-5540-4c75-a1d7-8d60f04afc22/1768968387135-z71ey.jpg	3900.00 USD			no			Custom Food Trailer				used																		1
2e90dd3c-6b29-40c7-94bb-143d7c98be53	8x16 Food Trailer - Service Ready - Food Truck for Sale in Reno, NV	Step into the mobile culinary world with a professional setup that is truly ready to hit the road. This 8x16 food trailer offers the perfect balance of space and efficiency, having been purchased brand new just 18 months ago. It has a proven track record of successful services, providing a reliable foundation for your next culinary venture. The kitchen is thoughtfully designed for high-volume output and versatility. Imagine searing signature dishes on the 32-inch flattop griddle or multitasking with the two-burner stovetop, while the 50-pound propane fryer handles your crispiest sides. Temperature control is top-of-mind with a premium True double-door prep fridge and a Falcon standup refrigerator, ensuring your ingredients stay fresh and organized during even the busiest shifts. Safety and comfort are integrated throughout the build. The interior is protected by an 8-foot hood equipped with an Ansul fire suppression system, while a dedicated AC unit keeps the workspace comfortable in any weather. Power is never an issue thanks to the included Predator 9500 gas generator with only 100 hours of use. With substantial water tank capacities and an electric water heater already installed, this trailer meets the rigorous demands of professional food service. To help you get started even faster, the sale includes various additional equipment pieces to fully round out your mobile kitchen. **Key Highlights:** * **Custom Build:** Purchased new 18 months ago with professional equipment installation. * **High-End Refrigeration:** Features a True double-door prep fridge and Falcon standup unit. * **Ready-to-Cook:** Includes 50lb fryer, 32” griddle, and 2-burner stove. * **Reliable Power:** Predator 9500 gas generator with low hours (approx. 100). * **Safety First:** 8-foot hood with integrated Ansul fire suppression system. * **Generous Capacity:** 50-gallon fresh and 60-gallon waste water tanks. * **Bonus Gear:** Additional equipment pieces included with the purchase.	in_stock			https://vendibook.com/listing/2e90dd3c-6b29-40c7-94bb-143d7c98be53		https://nbrehbwfsmedbelzntqs.supabase.co/storage/v1/object/public/listing-images/924e1f23-b87d-4b7f-8ff9-30228d196180/2e90dd3c-6b29-40c7-94bb-143d7c98be53/1768964130269-y9tatk.jpg	38001.00 USD			no			Custom Food Truck				used																		1
e0ad7bc7-5a18-4534-a849-94501f5bc008	Turn Key - Ready to go 16ft Food Trailer! - Food Trailer for Sale	Turnkey Food Trailer for Sale – Ready to Start Earning! Carefree, AZ Looking to jump straight into the food business without the hassle of build-out and permits? This 16’ x 8’ x 7’ fully equipped food trailer is ready to roll today. With only 1 year of use, this trailer is extremely clean, well-maintained, and fully operational. Even better — it’s currently approved by the Maricopa County Health Department, so you can skip a huge part of the startup headache. Trailer Highlights Turnkey setup – start serving immediately Title in hand Health Department approved (Maricopa County) Clean, professional interior Reliable power & propane setup included Included Equipment Everything you need to run a successful food operation: Hood & fire suppression system A/C unit (keep cool in AZ heat ️) 36” flat top 24” grill Fryer Sandwich prep table cooler Refrigerator Water heater 6 ft service table & serving window 3-compartment sink + handwashing sink 100 lb propane tank Champion 11500 Watt Generator (oil changed April 2026) - Includes 2 power cords Why This Trailer? This isn’t a project — it’s a business opportunity. Perfect for: Tacos, burgers, BBQ, breakfast, or specialty concepts Festivals, catering, pop-ups, or permanent locations Everything is already installed, approved, and ready — just bring your menu and start making money. This kind of clean, fully approved, turnkey trailer doesn’t stay on the market long. Message for more details, or to schedule a viewing!	in_stock			https://vendibook.com/listing/e0ad7bc7-5a18-4534-a849-94501f5bc008		https://nbrehbwfsmedbelzntqs.supabase.co/storage/v1/object/public/listing-images/bc349661-164b-47f4-9f25-808fddad9e16/e0ad7bc7-5a18-4534-a849-94501f5bc008/1776873368621-u00hg.jpeg	49000.00 USD			no			Custom Food Trailer				used																		1
7bfda2c8-bc4c-4254-a248-9fe929bfda91	brand new 2025 concession trailer - Food Trailer for Sale in Atlanta, GA	This versatile 6’ x 10’ concession trailer offers the perfect professional foundation for your mobile food ambitions. Whether you are dreaming of launching a specialty coffee bar, a boutique ice cream shop, or a signature snack brand, this thoughtfully designed unit provides the clean, modern aesthetic and functional layout needed to hit the road with confidence. Step inside to discover a spacious interior boasting a generous 7-foot ceiling height, ensuring a comfortable working environment for you and your staff. The interior is fully finished with easy-to-clean walls and professional flooring, creating a bright and sanitary space that meets the high standards of the food service industry. A built-in air conditioning unit keeps the workspace cool during busy summer shifts, while the integrated electrical system is ready to power your essential appliances. Efficiency is at the heart of this build. The trailer features ample storage and prep space with durable stainless steel shelving, including a 48-inch interior shelf and a 60-inch wall-mounted shelf. Serving customers is a breeze thanks to the large serving window and a 48-inch exterior stainless steel shelf, perfect for condiments or order pickups. This trailer is a blank canvas, meticulously prepared for you to install your specific equipment and start serving your community. **Highlights** * Professional 6’ x 10’ footprint with 7’ interior height * Fully finished interior walls and flooring * Integrated electrical system and A/C unit * Extensive stainless steel shelving (interior and exterior) * Large serving window for high-volume customer interaction * Ready for custom equipment installation	in_stock			https://vendibook.com/listing/7bfda2c8-bc4c-4254-a248-9fe929bfda91		https://nbrehbwfsmedbelzntqs.supabase.co/storage/v1/object/public/listing-images/9aae25c4-8340-4b3d-98f0-d307b91bff9c/7bfda2c8-bc4c-4254-a248-9fe929bfda91/1768986298684-k4he3s.jpg	8600.00 USD			no			Custom Food Trailer				used																		1
ff1b1dc3-6815-44fa-bce2-c7dd2ffd73c0	Food Truck - Food Truck for Sale	fully stocked food trailer with serving window genrator included	in_stock			https://vendibook.com/listing/ff1b1dc3-6815-44fa-bce2-c7dd2ffd73c0		https://nbrehbwfsmedbelzntqs.supabase.co/storage/v1/object/public/listing-images/9aae25c4-8340-4b3d-98f0-d307b91bff9c/ff1b1dc3-6815-44fa-bce2-c7dd2ffd73c0/1768987840155-rk2cme.jpg	72000.00 USD			no			Custom Food Truck				used																		1
045054bb-2356-42ee-bc5e-a7850101d77e	Tap Trailer For Ice Cold Beverages - Food Trailer for Sale	1951 Ford Bed Tap Trailer Includes 4 Tap Jockey Box by Coldbreak. Serve Ice Cold Beverages with coil system, keeps beverages cold. No electricity required to keep your beer cold. Cover and levers included. Brand New. Delivery can be arranged within 500 miles.	in_stock			https://vendibook.com/listing/045054bb-2356-42ee-bc5e-a7850101d77e		https://nbrehbwfsmedbelzntqs.supabase.co/storage/v1/object/public/listing-images/55ded958-2c29-4d79-8440-9f77fdca0c5c/045054bb-2356-42ee-bc5e-a7850101d77e/1777748544380-ddfcy6.jpeg	11000.00 USD			no			Custom Food Trailer				used																		1
a3ead971-38c7-4c0c-8f3f-2b02185c7c2f	Custom-Built 6' x 12' Pop-Up Lemonade Concession Trailer - Food Trailer for Sale in Charlotte, NC	Make a splash at your next event with this charming, one-of-a-kind lemonade trailer. Expertly converted from a classic pop-up camper frame, this 6’ x 12’ unit combines vintage appeal with modern functionality. Its unique silhouette and compact footprint make it an instant conversation starter, ensuring your business stands out in a crowded fairway or bustling farmers' market. The intentional design leverages the lightweight nature of a pop-up frame, making it incredibly easy to tow and maneuver into tight vending spaces. The spacious 12-foot length provides ample interior room for high-volume citrus presses, ice bins, and prep stations, allowing you to serve thirsty crowds with speed and efficiency. Whether you are launching a new brand or expanding an existing mobile fleet, this trailer offers a professional, turnkey aesthetic that radiates summer vibes. This trailer isn’t just a piece of equipment; it is a dedicated refreshment hub built to attract customers from across the park. Its low profile and approachable serving height create an inviting atmosphere for guests, while the sturdy construction ensures reliability during your busiest festival weekends. If you are looking for a mobile unit that pairs nostalgic character with practical performance, this lemonade trailer is ready to squeeze the most out of your next business venture. **Highlights:** * Unique conversion from a classic pop-up camper * Versatile 6’ x 12’ footprint * Lightweight and easy to tow with most vehicles * Eye-catching design optimized for high-visibility branding * Spacious interior layout for efficient workflow	in_stock			https://vendibook.com/listing/a3ead971-38c7-4c0c-8f3f-2b02185c7c2f		https://nbrehbwfsmedbelzntqs.supabase.co/storage/v1/object/public/listing-images/bf4754c8-46ce-472e-8a71-2b8a7769a833/a3ead971-38c7-4c0c-8f3f-2b02185c7c2f/1770294077101-jgoyi.jpg	5900.00 USD			no			Custom Food Trailer				used																		1
e746bd18-cad4-4cbf-9972-176bb8affc56	Brand New Permit-Ready Food Trailer – Houston, TX - Food Trailer for Sale in Houston, TX	Brand new food trailer for sale! Never been ised ready to get permits and get to work!	in_stock			https://vendibook.com/listing/e746bd18-cad4-4cbf-9972-176bb8affc56		https://nbrehbwfsmedbelzntqs.supabase.co/storage/v1/object/public/listing-images/11be069d-0bc5-4685-aec1-4bb6ce722856/e746bd18-cad4-4cbf-9972-176bb8affc56/1769630976613-qcojq.jpeg	25000.00 USD			no			Custom Food Trailer				used																		1
5caa1345-be50-46b0-93bf-ce6f4a6ae8d2	Wood-Fired Pizza Trailer - Food Trailer for Sale in Dallas, TX	Authentic wood-fired pizza trailer with imported Italian oven. Creates restaurant-quality Neapolitan pizzas in 90 seconds. Unique concept that stands out at events and farmers markets.	in_stock			https://vendibook.com/listing/5caa1345-be50-46b0-93bf-ce6f4a6ae8d2		https://images.unsplash.com/photo-1513104890138-7c749659a591?w=800	32000.00 USD			no			Custom Food Trailer				used																		1
f4fbb682-17db-4a3d-b081-e2631ae063ff	2020 The Food Trailer - Food Trailer for Sale in Houston, TX	Step into the mobile food industry with confidence in this 2020 food trailer. Designed with a focus on efficiency and versatility, this unit offers a professional layout that is ready to accommodate a wide variety of culinary concepts, from gourmet burgers to high-end street tacos. The heart of the kitchen features a spacious three-foot flat griddle and a two-burner stove, providing the perfect platform for searing, sautéing, and high-volume output. To ensure your service remains smooth during peak hours, the integrated 12-inch warmer keeps your ingredients at the ideal temperature, while the onboard refrigerator keeps your supplies crisp and fresh. Built with longevity and compliance in mind, the interior is constructed to meet health department requirements. The comprehensive plumbing system includes both a three-compartment sink and a dedicated hand wash sink, supported by an efficient water heater and integrated water tanks. Your comfort is prioritized with a robust A/C unit that keeps the workspace manageable during hot summer shifts. The trailer comes fully equipped with professional-grade electric and gas systems, allowing you to plug in and start cooking immediately. With its sleek concession windows providing a welcoming service interface, this 2020 trailer is the perfect mobile foundation for any aspiring chef or established restaurateur looking to expand their reach. **Highlights:** * High-output 3-foot flat griddle and 2-burner stove * Comprehensive plumbing with 3-compartment and hand wash sinks * Climate-controlled interior with integrated A/C unit * Built to health department construction requirements * Complete electric, gas, and water systems included	in_stock			https://vendibook.com/listing/f4fbb682-17db-4a3d-b081-e2631ae063ff		https://nbrehbwfsmedbelzntqs.supabase.co/storage/v1/object/public/listing-images/77f157af-d5d8-4be4-95d8-a1b755c6c6a1/f4fbb682-17db-4a3d-b081-e2631ae063ff/1768893020153-u3szu4.png	25000.00 USD			no			Custom Food Trailer				used																		1
779d5773-de60-4075-b92d-32387da86dd3	Pre-Owned Concession Trailer with Deep Freezer – Priced to Sell - Food Trailer for Sale in Baton Rouge, LA	This trailer is only 4 yrs used originally purchased at 23,000 (listing price is Negotiable) deep freezer included. Sold as is it needs some esthetic work estimated at 3,500 factored in sale price more equipment available to purchase separately serious injuries only Block Ice Machine is sold separately $4,000 (negotiable) makes up to 9 blocks	in_stock			https://vendibook.com/listing/779d5773-de60-4075-b92d-32387da86dd3		https://nbrehbwfsmedbelzntqs.supabase.co/storage/v1/object/public/listing-images/3b59adbf-20d5-4154-a54e-bf20a1bddbed/779d5773-de60-4075-b92d-32387da86dd3/1770139433353-pqedyd.png	19500.00 USD			no			Custom Food Trailer				used																		1
98b799f7-067e-4b11-b912-828ef2878837	2004 Workhorse Food Truck (Fully Functional) - Food Truck for Sale	This 2004 Workhorse Food Truck is a turn-key opportunity for any entrepreneur looking to hit the road and start serving immediately. Built on a reliable Workhorse chassis with a smooth automatic transmission and a sturdy gas engine, this vehicle provides a dependable foundation for your culinary vision. Whether you are launching a new brand or expanding an existing one, this truck is designed to handle the fast-paced demands of professional mobile catering. The interior features a thoughtful kitchen buildout that maximizes every square inch for efficiency. You will find a dedicated prep area with ample room for plating, complemented by smart storage solutions to keep your ingredients and supplies organized during the busiest shifts. The workspace is bathed in bright interior lighting, powered by a versatile electrical system that is ready for both shore power and generator use. Safety and comfort are front and center, with a professional-grade ventilation hood already installed to manage heat and airflow seamlessly. The basic plumbing system, complete with a functional sink and integrated water tanks, ensures you meet health standards with ease. When it is time to serve, the large, inviting serving window creates an ideal point of contact for engaging with your customers. This fully functional mobile kitchen offers the perfect balance of grit and professional capability, ready to be branded and put to work today. **Key Highlights:** - Reliable 2004 Workhorse chassis with automatic transmission - Full professional kitchen buildout including prep and storage areas - Integrated ventilation hood and interior lighting - Complete electrical system with shore power and generator readiness - Functional plumbing system with fresh and grey water tanks - Spacious serving window designed for high-volume customer interaction	in_stock			https://vendibook.com/listing/98b799f7-067e-4b11-b912-828ef2878837		https://nbrehbwfsmedbelzntqs.supabase.co/storage/v1/object/public/listing-images/77f157af-d5d8-4be4-95d8-a1b755c6c6a1/98b799f7-067e-4b11-b912-828ef2878837/1768891831942-kss0bf.jpg	34998.00 USD			no			Custom Food Truck				used																		1
b8e1536a-5198-4ce9-ade0-0ae705f434b4	1998 Chevrolet Union City p30 step van - Food Trailer for Sale in Los Angeles, CA	Step into a turn-key opportunity with this robust and meticulously maintained step-van food truck. Built on the legendary Union City Workhorse Chassis, this vehicle offers the perfect blend of structural integrity and mechanical reliability. At its heart lies a Reman 5.7 engine paired with a heavy-duty 4L80E transmission, ensuring you have the power and smooth shifting required to navigate city streets and reach your hungry customers with ease. The current owner has invested significantly in the vehicle’s longevity and safety. Recent mechanical upgrades include a new starter, steering box, and power steering pump, along with newer tires and brakes for complete peace of mind on the road. The exhaust system has been enhanced with new catalytic converters and a Flowmaster 50 muffler, providing a clean and professional sound. To ensure your business stays running without a hitch, the sale also includes a brand-new battery and a backup alternator, plus a fresh set of plugs, wires, cap, and rotor ready for your next scheduled tune-up. Inside the cab, the driving experience is modern and convenient. You can easily navigate to events using the integrated GPS system and stay connected via Bluetooth. The added backup camera provides essential safety and precision when parking in tight vending spots. This is a workhorse designed for the serious entrepreneur who values a reliable foundation for their mobile kitchen. **Key Highlights:** * Union City Workhorse Chassis with Reman 5.7L Engine * Heavy-duty 4L80E Transmission * New starter, steering box, and power steering pump * Modern stereo with Navigation, Bluetooth, and Backup Camera * Included spare parts: New alternator, plugs, wires, cap, and rotor * Flowmaster 50 exhaust and newer tires/brakes	in_stock			https://vendibook.com/listing/b8e1536a-5198-4ce9-ade0-0ae705f434b4		https://nbrehbwfsmedbelzntqs.supabase.co/storage/v1/object/public/listing-images/eba76663-c24f-4a2e-8e08-bd7d68407412/b8e1536a-5198-4ce9-ade0-0ae705f434b4/1768889291324-fh7ab.jpg	45000.00 USD			no			Custom Food Trailer				used																		1
c649440f-d3df-4f3a-a622-e118767efb4d	My Food Trailer - Food Trailer for Sale	Here is the optimized professional listing for your food trailer: **Turnkey 8x12 Dessert and Specialty Food Trailer** Step into a fully equipped, professional-grade mobile kitchen designed for efficiency and style. This 8x12 food trailer has been meticulously maintained and was most recently utilized for a successful churro concept. Its versatile layout makes it an exceptional choice for entrepreneurs looking to break into the dessert, gourmet coffee, or snack market with a professional edge. The interior showcases high-quality stainless steel surfaces that are both durable and easy to sanitize, creating a polished environment for food preparation. The setup includes a commercial-grade exhaust hood and a fryer station specifically optimized for high-volume churro production or other fried delicacies. To ensure your comfort during busy summer shifts, the unit comes equipped with a powerful built-in AC system, providing a cool and productive workspace no matter the weather. Safety and compliance are at the forefront of this build. The trailer features a fully installed fire suppression system, integrated electrical and plumbing systems, and a clean title for a seamless ownership transfer. The exterior includes a wide serving window designed for high-visibility customer interaction. While currently branded, the exterior can be easily re-wrapped to match your unique vision. This is a rare opportunity to acquire a turnkey, easy-to-tow unit that is ready to hit the road and start generating revenue on day one. **Key Highlights:** * **Clean Title:** Ready for immediate transfer. * **Climate Controlled:** Built-in AC unit for operator comfort. * **Commercial Kitchen:** Stainless interior with exhaust hood and fire suppression. * **Specialized Equipment:** Fryer setup ideal for churros and desserts. * **Turnkey Ready:** Full electrical, plumbing, and prep storage included. *** **Remolque de Comida 8x12 – Listo para Operar** Aproveche la oportunidad de adquirir una cocina móvil profesional, diseñada para la eficiencia y el éxito. Este remolque de 8x12 ha sido cuidadosamente mantenido y es ideal para conceptos de churros, postres, café o comida especializada. Cuenta con un interior de acero inoxidable de alta calidad, campana de extracción comercial y un sistema de supresión de incendios ya instalado para su tranquilidad y cumplimiento de normas. El diseño incluye una unidad de aire acondicionado integrada para trabajar con total comodidad y una estación de freidoras optimizada para una producción eficiente. Con título limpio e instalaciones de plomería y electricidad listas, este remolque es una solución "llave en mano" fácil de transportar y operar. Es la base perfecta para emprendedores que buscan lanzar o expandir su negocio de manera inmediata y profesional.	in_stock			https://vendibook.com/listing/c649440f-d3df-4f3a-a622-e118767efb4d		https://nbrehbwfsmedbelzntqs.supabase.co/storage/v1/object/public/listing-images/20434a7d-a365-4d4a-ab9b-5cff26815f33/c649440f-d3df-4f3a-a622-e118767efb4d/1773684471904-n7qn7c.jpeg	30000.00 USD			no			Custom Food Trailer				used																		1
9d335dc0-71f2-4e1c-ada1-93a4ee2f9d77	FOOD TRAILER - EXP 16X 8 FT - Food Trailer for Sale	Included Equipment Air Conditioning: 12000 Cool / Heat Concession Window(s): 1 Cabinets: 1 Stainless Steel Wall Panels Insulated Walls Diamond Plated Aluminum Flooring Exterior Customer Counter Exterior LED Lighting Interior LED Lighting Electrical Outlets (4) Braker Pane: 125 amps Hot Water Heater: On Demand Hand-Washing Sink Triple Sink Fresh Water Tank: 30 Gallons Gray Water Tank: 35 Gallons Exhaust Hood 8' Exhaust Fan: .50 HP Optional Equipment Prep Station Cooler Stovetop: 2 Burners Flatgrill: 36'' Fryer(s): 1 Food Warmer: For 6 Containers Steam Table: Yes	in_stock			https://vendibook.com/listing/9d335dc0-71f2-4e1c-ada1-93a4ee2f9d77		https://nbrehbwfsmedbelzntqs.supabase.co/storage/v1/object/public/listing-images/f559486d-0ccb-4caf-b28d-421b960e0a4b/9d335dc0-71f2-4e1c-ada1-93a4ee2f9d77/1771959901921-4pbsb7.jpeg	35090.00 USD			no			Custom Food Trailer				used																		1
e51c5a39-b100-475f-bd18-00070354218f	Food Truck - clean, organized, money maker - Food Truck for Sale	Beautiful condition, newly done plumbing and electrical two years ago. Includes six gas burner stove top, multiple food warmers, air fryer, oil fryer, microwave, refrigerators, freezers, extra storage space, three compartment sink, hand wash sink, etc.	in_stock			https://vendibook.com/listing/e51c5a39-b100-475f-bd18-00070354218f		https://nbrehbwfsmedbelzntqs.supabase.co/storage/v1/object/public/listing-images/418aa111-b784-42c9-90cb-e566182bd6b1/e51c5a39-b100-475f-bd18-00070354218f/1771227083993-bpj85r.jpeg	32500.00 USD			no			Custom Food Truck				used																		1
ecb93c65-90f2-4db1-b15a-346ec4f3ee24	Food Truck Mini - Food Truck for Sale in Los Angeles, CA	Step into the world of mobile catering with the "Food Truck Mini," a versatile and expertly designed mobile kitchen ready to become the cornerstone of your culinary brand. Perfectly suited for both established chefs and aspiring entrepreneurs, this unit offers a clean, professional canvas with a wrap-ready exterior that is just waiting for your custom graphics to hit the streets. The interior is executive-engineered for maximum efficiency, featuring high-quality LED lighting that creates a bright, inviting workspace during busy late-night shifts. At the heart of the kitchen lies a high-performance grill, supported by ample compartment space and organized shelving to keep your prep work streamlined. With an integrated refrigeration system, your premium ingredients stay crisp and fresh, while the professional sink setup ensures you maintain the highest standards of sanitation no matter where you park. Whether you are serving crowds at a bustling festival or catering an intimate event at a local brewery, the shore power hookup and propane-ready configuration provide the reliable energy needed to keep your equipment running smoothly all day long. This truck beautifully combines durability with a smart, intuitive layout, offering plenty of built-in storage to keep your workflow clutter-free even during peak rushes. This is more than just a vehicle; it is a turnkey opportunity to bring your unique flavors to the community with confidence, mobility, and style. **Key Highlights:** * **Professional Kitchen:** Equipped with a high-output grill and integrated refrigeration. * **Ready for Your Brand:** Smooth, wrap-ready exterior for easy customization. * **Smart Layout:** Ample shelving, interior storage, and efficient compartment space. * **Reliable Utilities:** Shore power hookup and propane-ready setup. * **Sanitation Focused:** Full sink system and easy-to-clean interior surfaces. * **Modern Touches:** Energy-efficient LED lighting throughout the workspace.	in_stock			https://vendibook.com/listing/ecb93c65-90f2-4db1-b15a-346ec4f3ee24		https://nbrehbwfsmedbelzntqs.supabase.co/storage/v1/object/public/listing-images/eba76663-c24f-4a2e-8e08-bd7d68407412/ecb93c65-90f2-4db1-b15a-346ec4f3ee24/1768891159184-r7uo2.jpg	35000.00 USD			no			Custom Food Truck				used																		1
0127af0e-0787-42eb-8fa8-256cdc6ae88d	Starter Food Cart Business - Food Truck for Sale in Denver, CO	Complete mobile food cart business for sale. Includes cart, permits, supplier contacts, and training.	in_stock			https://vendibook.com/listing/0127af0e-0787-42eb-8fa8-256cdc6ae88d		https://images.unsplash.com/photo-1567306226416-28f0efdc88ce?w=800	8500.00 USD			no			Custom Food Truck				used																		1
fec5ac8b-3e30-4500-b3c4-e95820aaa00e	Established Taco Truck - Food Truck for Sale in Albuquerque, NM	Profitable taco truck with loyal customer base. Includes truck, equipment, recipes, and social media accounts.	in_stock			https://vendibook.com/listing/fec5ac8b-3e30-4500-b3c4-e95820aaa00e		https://images.unsplash.com/photo-1565299585323-38d6b0865b47?w=800	45000.00 USD			no			Custom Food Truck				used																		1
a02adafe-ad00-40cb-90c7-2a8ccc55f469	Coffee Tailer - Food Truck for Sale in San Francisco, CA	Mobile Coffee Trailer for sale $43500 Turn Key Coffee Trailer 8x 10 trailer with custom wrap Generator Generator lift Commercial espresso machine Grinder Commercial drip coffee with 3qty dispensers Filtered water system for coffee New grey water tank and pump 3 Compartment sink Separate handwashing station Insignia Tons of accessories and supplies Ice chest POS system included with cash drawers	in_stock			https://vendibook.com/listing/a02adafe-ad00-40cb-90c7-2a8ccc55f469		https://nbrehbwfsmedbelzntqs.supabase.co/storage/v1/object/public/listing-images/0b669ac2-7bf0-4013-b671-0576eea77e00/a02adafe-ad00-40cb-90c7-2a8ccc55f469/1768963055920-fywcc.jpg	43000.00 USD			no			Custom Food Truck				used																		1
05492ba1-7205-491b-aaf4-ccaaa071ee7d	2025 food trailer - Food Trailer for Sale in Santa Cruz, CA	2025 12'x8' food trailer Everything works good in the trailer, passed all Santa Cruz County inspeccions Come with CA insignia, permits, and trailer plans Its equipped with a fryer, 36" flat top, 2 burners cooktop, steam table, air conditioner, 24" stand fridge, 48" cold bar frigde, 12" hand wash sink, 3 comparments prep sink, water heater, double fan hood, 9500watts generator, 2 propane tanks 10gallons each, clean water tank, gray water tank, storage box in the front for tools or water hose, and lot lot of storage inside! i'll also throw lots of comercial grade dishes, floor mats and some to go boxes, cups, forks, etc.... pretty much comes with averything needed to start working and be your own boss!! It's 12' long and 8' wide, so is easer to tow, handle it and park or turn around!!	in_stock			https://vendibook.com/listing/05492ba1-7205-491b-aaf4-ccaaa071ee7d		https://nbrehbwfsmedbelzntqs.supabase.co/storage/v1/object/public/listing-images/924e1f23-b87d-4b7f-8ff9-30228d196180/05492ba1-7205-491b-aaf4-ccaaa071ee7d/1768968639494-8v03i6.jpg	56000.00 USD			no			Custom Food Trailer				used																		1
bf4618d9-c5e0-4b4a-9c65-4839d168e567	2016 Ford Econoline van E350 Super Duty Cutaway - Food Truck for Sale in Los Angeles, CA	Take your culinary business on the road with this professionally equipped 2016 Ford Econoline E350 Super Duty Cutaway. Built on a reliable and robust chassis, this food truck offers the perfect blend of maneuverability and heavy-duty performance, making it an ideal choice for ambitious chefs and mobile vendors looking to scale their operations. The interior is a chef’s dream, featuring a thoughtfully designed layout that maximizes workflow during the busiest service windows. Your hot line is fully ready for action with a versatile griddle, a two-burner range, and a powerful two-basket deep fryer. For prep and storage, the unit boasts an expansive 48-inch salad prep station and a double-door refrigerator to keep your ingredients crisp and fresh. A dedicated 27-inch freezer ensures your frozen goods are always within arm’s reach, while the two-bay steam table keeps your signature dishes at the perfect serving temperature. Hygiene and efficiency are prioritized with a full three-compartment sink setup and a separate handwashing station. Customers will appreciate the built-in ice bin for chilled sodas, while you enjoy the peace of mind provided by the dependable 5500-watt generator. Whether you’re serving up street tacos, gourmet burgers, or fresh salads, this E350 Super Duty provides the reliable foundation and professional-grade tools you need to succeed in the competitive mobile food industry. This turnkey mobile kitchen is ready to help you bring your unique flavors to the streets immediately.	in_stock			https://vendibook.com/listing/bf4618d9-c5e0-4b4a-9c65-4839d168e567		https://nbrehbwfsmedbelzntqs.supabase.co/storage/v1/object/public/listing-images/eba76663-c24f-4a2e-8e08-bd7d68407412/bf4618d9-c5e0-4b4a-9c65-4839d168e567/1768891395085-5l977p.jpg	45000.00 USD			no			Custom Food Truck				used																		1
f60f584d-38db-4aa3-a7e0-2c5c65a82c82	2023 Spartan food trailer - Food Trailer for Sale in Atlanta, GA	Step into the mobile culinary world with a professional-grade foundation designed for performance. This lightly used 2023 Spartan model food trailer measures 8.5 x 16 feet and offers a superior build quality that stands out from standard models. Engineering was prioritized from the start, with specifications specifically tailored to handle commercial weight requirements, ensuring a stable and durable environment for your business. The interior is thoughtfully equipped with essential high-quality components to get you serving customers immediately. Your kitchen setup includes a professional hood system, a grill, and a prep table, providing a seamless workflow during the busiest lunch rushes. For utility and sanitation, the trailer features a three-compartment sink station alongside a dedicated handwashing sink, all supported by an electric water heater to guarantee hot water on demand. Power management is versatile and straightforward, featuring a 50-amp power cord, a 30-amp adapter, and an integrated inverter battery system to keep your operations running smoothly in various settings. Storage is abundant, with dedicated shelving and compartments to keep your workspace organized and efficient. Complete with a filled 40lb propane tank and required safety extinguishers, this Spartan trailer is a turnkey opportunity for an aspiring chef or an established brand looking to expand its reach. This is a rare chance to own a modern, heavy-duty mobile kitchen that balances industrial strength with refined functionality. ### Highlights - 2023 Spartan heavy-duty commercial weight build - Professional-grade hood and grilling station - Full sanitation suite with 3-compartment and separate hand sinks - Electric water heater and integrated power inverter system - Includes 50-amp power cord with 30-amp adapter - Ample built-in storage and prep space - Lightly used and well-maintained condition	in_stock			https://vendibook.com/listing/f60f584d-38db-4aa3-a7e0-2c5c65a82c82		https://nbrehbwfsmedbelzntqs.supabase.co/storage/v1/object/public/listing-images/924e1f23-b87d-4b7f-8ff9-30228d196180/f60f584d-38db-4aa3-a7e0-2c5c65a82c82/1768963897142-rqp5ezd.jpg	15000.00 USD			no			Custom Food Trailer				used																		1
f4d5e5ae-31eb-4ba0-9d2b-13df7279d020	TURNKEY SHIPPING CONTAINER KITCHEN - Food Trailer for Sale in Atlanta, GA	TURNKEY SHIPPING CONTAINER KITCHEN FOR SALE Fully Built | Ready to Operate | Metro Atlanta This is a restaurant-quality, fully equipped shipping container kitchen, perfect for food entrepreneurs, pop-ups, catering, food prep, or mobile food concepts. CONTAINER DETAILS Size: 8x20 (buyer to confirm) Fully insulated Commercial build-out Hood system NOT included (can be added by buyer) KITCHEN & EQUIPMENT All stainless steel, restaurant-grade equipment Commercial plumbing installed Grease trap included Electric already installed HVAC system (Heat & AC) Can run on Electric or LP Gas (depending on your equipment needs) TECHNOLOGY & EXTRAS 65” Commercial-Grade Monitor (Perfect for menu board, digital signage, or promotions) 4 security cameras Clean service window setup Professional interior layout for efficient workflow DELIVERY Metro Atlanta delivery available Delivery Fee: $750 PRICE ONLY $17,500 obo This is a solid, ready-to-go setup that saves you months of build-out time and tens of thousands in construction costs. Serious inquiries only Message for walkthrough, specs, or to schedule a viewing.	in_stock			https://vendibook.com/listing/f4d5e5ae-31eb-4ba0-9d2b-13df7279d020		https://nbrehbwfsmedbelzntqs.supabase.co/storage/v1/object/public/listing-images/f2865e60-125e-4921-b7c5-898ba1675045/f4d5e5ae-31eb-4ba0-9d2b-13df7279d020/1769084137377-0pz8o6.jpg	18000.00 USD			no			Custom Food Trailer				used																		1
